[
  {
		"name": "Adelanto",
		"state": "California"
	},
  {
		"name": "Agoura Hills",
		"state": "California"
	},
  {
		"name": "Alameda",
		"state": "California"
	},
  {
		"name": "Albany",
		"state": "California"
	},
  {
		"name": "Alhambra",
		"state": "California"
	},
  {
		"name": "Aliso Viejo",
		"state": "California"
	},
  {
		"name": "Alturas",
		"state": "California"
	},
  {
		"name": "Amador City",
		"state": "California"
	},
  {
		"name": "American Canyon",
		"state": "California"
	},
  {
		"name": "Anaheim",
		"state": "California"
	},
  {
		"name": "Anderson",
		"state": "California"
	},
  {
		"name": "Angels Camp",
		"state": "California"
	},
  {
		"name": "Antioch",
		"state": "California"
	},
  {
		"name": "Apple Valley",
		"state": "California"
	},
  {
		"name": "Arcadia",
		"state": "California"
	},
  {
		"name": "Arcata",
		"state": "California"
	},
  {
		"name": "Arroyo Grande",
		"state": "California"
	},
  {
		"name": "Artesia",
		"state": "California"
	},
  {
		"name": "Arvin",
		"state": "California"
	},
  {
		"name": "Atascadero",
		"state": "California"
	},
  {
		"name": "Atherton",
		"state": "California"
	},
  {
		"name": "Atwater",
		"state": "California"
	},
  {
		"name": "Auburn",
		"state": "California"
	},
  {
		"name": "Avalon",
		"state": "California"
	},
  {
		"name": "Avenal",
		"state": "California"
	},
  {
		"name": "Azusa",
		"state": "California"
	},
  {
		"name": "Bakersfield",
		"state": "California"
	},
  {
		"name": "Baldwin Park",
		"state": "California"
	},
  {
		"name": "Banning",
		"state": "California"
	},
  {
		"name": "Barstow",
		"state": "California"
	},
  {
		"name": "Beaumont",
		"state": "California"
	},
  {
		"name": "Bell",
		"state": "California"
	},
  {
		"name": "Bell Gardens",
		"state": "California"
	},
  {
		"name": "Bellflower",
		"state": "California"
	},
  {
		"name": "Belmont",
		"state": "California"
	},
  {
		"name": "Belvedere",
		"state": "California"
	},
  {
		"name": "Benicia",
		"state": "California"
	},
  {
		"name": "Berkeley",
		"state": "California"
	},
  {
		"name": "Beverly Hills",
		"state": "California"
	},
  {
		"name": "Big Bear Lake",
		"state": "California"
	},
  {
		"name": "Biggs",
		"state": "California"
	},
  {
		"name": "Bishop",
		"state": "California"
	},
  {
		"name": "Blue Lake",
		"state": "California"
	},
  {
		"name": "Blythe",
		"state": "California"
	},
  {
		"name": "Bradbury",
		"state": "California"
	},
  {
		"name": "Brawley",
		"state": "California"
	},
  {
		"name": "Brea",
		"state": "California"
	},
  {
		"name": "Brentwood",
		"state": "California"
	},
  {
		"name": "Brisbane",
		"state": "California"
	},
  {
		"name": "Buellton",
		"state": "California"
	},
  {
		"name": "Buena Park",
		"state": "California"
	},
  {
		"name": "Burbank",
		"state": "California"
	},
  {
		"name": "Burlingame",
		"state": "California"
	},
  {
		"name": "Calabasa",
		"state": "California"
	},
  {
		"name": "Calexico",
		"state": "California"
	},
  {
		"name": "California City",
		"state": "California"
	},
  {
		"name": "Calimesa",
		"state": "California"
	},
  {
		"name": "Calipatria",
		"state": "California"
	},
  {
		"name": "Calistoga",
		"state": "California"
	},
  {
		"name": "Camarillo",
		"state": "California"
	},
  {
		"name": "Campbell",
		"state": "California"
	},
  {
		"name": "Canyon Lake",
		"state": "California"
	},
  {
		"name": "Capitola",
		"state": "California"
	},
  {
		"name": "Carlsbad",
		"state": "California"
	},
  {
		"name": "Carmel-by-the-Sea",
		"state": "California"
	},
  {
		"name": "Carpinteria",
		"state": "California"
	},
  {
		"name": "Carson",
		"state": "California"
	},
  {
		"name": "Cathedral City",
		"state": "California"
	},
  {
		"name": "Ceres",
		"state": "California"
	},
  {
		"name": "Cerritos",
		"state": "California"
	},
  {
		"name": "Chico",
		"state": "California"
	},
  {
		"name": "Chino",
		"state": "California"
	},
  {
		"name": "Chino Hills",
		"state": "California"
	},
  {
		"name": "Chowchilla",
		"state": "California"
	},
  {
		"name": "Chula Vista",
		"state": "California"
	},
  {
		"name": "Citrus Heights",
		"state": "California"
	},
  {
		"name": "Claremont",
		"state": "California"
	},
  {
		"name": "Clayton",
		"state": "California"
	},
  {
		"name": "Clearlake",
		"state": "California"
	},
  {
		"name": "Cloverdale",
		"state": "California"
	},
  {
		"name": "Clovis",
		"state": "California"
	},
  {
		"name": "Coachella",
		"state": "California"
	},
  {
		"name": "Coalinga",
		"state": "California"
	},
  {
		"name": "Colfax",
		"state": "California"
	},
  {
		"name": "Colma",
		"state": "California"
	},
  {
		"name": "Colton",
		"state": "California"
	},
  {
		"name": "Colusa",
		"state": "California"
	},
  {
		"name": "Commerce",
		"state": "California"
	},
  {
		"name": "Compton",
		"state": "California"
	},
  {
		"name": "Concord",
		"state": "California"
	},
  {
		"name": "Corcoran",
		"state": "California"
	},
  {
		"name": "Corning",
		"state": "California"
	},
  {
		"name": "Corona",
		"state": "California"
	},
  {
		"name": "Coronado",
		"state": "California"
	},
  {
		"name": "Corte Madera",
		"state": "California"
	},
  {
		"name": "Costa Mesa",
		"state": "California"
	},
  {
		"name": "Cotati",
		"state": "California"
	},
  {
		"name": "Covina",
		"state": "California"
	},
  {
		"name": "Crescent City",
		"state": "California"
	},
  {
		"name": "Cudahy",
		"state": "California"
	},
  {
		"name": "Culver City",
		"state": "California"
	},
  {
		"name": "Cupertino",
		"state": "California"
	},
  {
		"name": "Cypress",
		"state": "California"
	},
  {
		"name": "Daly City",
		"state": "California"
	},
  {
		"name": "Dana Point",
		"state": "California"
	},
  {
		"name": "Danville",
		"state": "California"
	},
  {
		"name": "Davis",
		"state": "California"
	},
  {
		"name": "Del Mar",
		"state": "California"
	},
  {
		"name": "Del Rey Oaks",
		"state": "California"
	},
  {
		"name": "Delano",
		"state": "California"
	},
  {
		"name": "Desert Hot Sprins",
		"state": "California"
	},
  {
		"name": "Diamond Bar",
		"state": "California"
	},
  {
		"name": "Dinuba",
		"state": "California"
	},
  {
		"name": "Dixon",
		"state": "California"
	},
  {
		"name": "Dorris",
		"state": "California"
	},
  {
		"name": "Dos Palos",
		"state": "California"
	},
  {
		"name": "Downey",
		"state": "California"
	},
  {
		"name": "Duarte",
		"state": "California"
	},
  {
		"name": "Dublin",
		"state": "California"
	},
  {
		"name": "Dunsmuir",
		"state": "California"
	},
  {
		"name": "East Palo Alto",
		"state": "California"
	},
  {
		"name": "Eastvale",
		"state": "California"
	},
  {
		"name": "El Cajon",
		"state": "California"
	},
  {
		"name": "El Centro",
		"state": "California"
	},
  {
		"name": "El Monte",
		"state": "California"
	},
  {
		"name": "El Segundo",
		"state": "California"
	},
  {
		"name": "Elk Grove",
		"state": "California"
	},
  {
		"name": "Emeryville",
		"state": "California"
	},
  {
		"name": "Encinitas",
		"state": "California"
	},
  {
		"name": "Escalon",
		"state": "California"
	},
  {
		"name": "Escondido",
		"state": "California"
	},
  {
		"name": "Etna",
		"state": "California"
	},
  {
		"name": "Eureka",
		"state": "California"
	},
  {
		"name": "Exeter",
		"state": "California"
	},
  {
		"name": "Fairfax",
		"state": "California"
	},
  {
		"name": "Fairfield",
		"state": "California"
	},
  {
		"name": "Farmersville",
		"state": "California"
	},
  {
		"name": "Ferndale",
		"state": "California"
	},
  {
		"name": "Fillmore",
		"state": "California"
	},
  {
		"name": "Firebaugh",
		"state": "California"
	},
  {
		"name": "Folsom",
		"state": "California"
	},
  {
		"name": "Fontana",
		"state": "California"
	},
  {
		"name": "Fort Bragg",
		"state": "California"
	},
  {
		"name": "Fort Jones",
		"state": "California"
	},
  {
		"name": "Fortuna",
		"state": "California"
	},
  {
		"name": "Foster City",
		"state": "California"
	},
  {
		"name": "Fountain Valley",
		"state": "California"
	},
  {
		"name": "Fowler",
		"state": "California"
	},
  {
		"name": "Fermont",
		"state": "California"
	},
  {
		"name": "Fresno",
		"state": "California"
	},
  {
		"name": "Fullerton",
		"state": "California"
	},
  {
		"name": "Galt",
		"state": "California"
	},
  {
		"name": "Garden Grove",
		"state": "California"
	},
  {
		"name": "Gardena",
		"state": "California"
	},
  {
		"name": "Gilroy",
		"state": "California"
	},
  {
		"name": "Glendale",
		"state": "California"
	},
  {
		"name": "Glendora",
		"state": "California"
	},
  {
		"name": "Goleta",
		"state": "California"
	},
  {
		"name": "Gonzales",
		"state": "California"
	},
  {
		"name": "Grand Terrace",
		"state": "California"
	},
  {
		"name": "Grass Valley",
		"state": "California"
	},
  {
		"name": "Greenfield",
		"state": "California"
	},
  {
		"name": "Gridley",
		"state": "California"
	},
  {
		"name": "Grover Beach",
		"state": "California"
	},
  {
		"name": "Gaudalupe",
		"state": "California"
	},
  {
		"name": "Gustine",
		"state": "California"
	},
  {
		"name": "Half Moon Bay",
		"state": "California"
	},
  {
		"name": "Hanford",
		"state": "California"
	},
  {
		"name": "Hawaiian Gardens",
		"state": "California"
	},
  {
		"name": "Hawthorne",
		"state": "California"
	},
  {
		"name": "Hayward",
		"state": "California"
	},
  {
		"name": "Healdsburg",
		"state": "California"
	},
  {
		"name": "Hemet",
		"state": "California"
	},
  {
		"name": "Hercules",
		"state": "California"
	},
  {
		"name": "Hermosa Beach",
		"state": "California"
	},
  {
		"name": "Hesperia",
		"state": "California"
	},
  {
		"name": "Hidden Hills",
		"state": "California"
	},
  {
		"name": "Highland",
		"state": "California"
	},
  {
		"name": "Hillsborough",
		"state": "California"
	},
  {
		"name": "Hollister",
		"state": "California"
	},
  {
		"name": "Holtville",
		"state": "California"
	},
  {
		"name": "Hughson",
		"state": "California"
	},
  {
		"name": "Huntington Beach",
		"state": "California"
	},
  {
		"name": "Huntington Park",
		"state": "California"
	},
  {
		"name": "Huron",
		"state": "California"
	},
  {
		"name": "Imperial",
		"state": "California"
	},
  {
		"name": "Imperial Beach",
		"state": "California"
	},
  {
		"name": "Indian Wells",
		"state": "California"
	},
  {
		"name": "Indio",
		"state": "California"
	},
  {
		"name": "Irvine",
		"state": "California"
	},
  {
		"name": "Irwindale",
		"state": "California"
	},
  {
		"name": "Isleton",
		"state": "California"
	},
  {
		"name": "Jackson",
		"state": "California"
	},
  {
		"name": "Jurupa Valley",
		"state": "California"
	},
  {
		"name": "Kerman",
		"state": "California"
	},
  {
		"name": "King City",
		"state": "California"
	},
  {
		"name": "Kingsburg",
		"state": "California"
	},
  {
		"name": "La Cañada Flintridge",
		"state": "California"
	},
  {
		"name": "La Habra",
		"state": "California"
	},
  {
		"name": "La Habra Heights",
		"state": "California"
	},
  {
		"name": "La Mesa",
		"state": "California"
	},
  {
		"name": "La Mirada",
		"state": "California"
	},
  {
		"name": "La Palma",
		"state": "California"
	},
  {
		"name": "La Puente",
		"state": "California"
	},
  {
		"name": "La Quinta",
		"state": "California"
	},
  {
		"name": "La Verne",
		"state": "California"
	},
  {
		"name": "Lafayette",
		"state": "California"
	},
  {
		"name": "Laguna Beach",
		"state": "California"
	},
  {
		"name": "Laguna Hills",
		"state": "California"
	},
  {
		"name": "Laguna Woods",
		"state": "California"
	},
  {
		"name": "Lake Elsinore",
		"state": "California"
	},
  {
		"name": "Lake Forest",
		"state": "California"
	},
  {
		"name": "Lakeport",
		"state": "California"
	},
  {
		"name": "Lakewood",
		"state": "California"
	},
  {
		"name": "Lancaster",
		"state": "California"
	},
  {
		"name": "Larkspur",
		"state": "California"
	},
  {
		"name": "Lathrop",
		"state": "California"
	},
  {
		"name": "Lawndale",
		"state": "California"
	},
  {
		"name": "Lemon Grove",
		"state": "California"
	},
  {
		"name": "Lemoore",
		"state": "California"
	},
  {
		"name": "Lincoln",
		"state": "California"
	},
  {
		"name": "Lindsay",
		"state": "California"
	},
  {
		"name": "Live Oak",
		"state": "California"
	},
  {
		"name": "Livermore",
		"state": "California"
	},
  {
		"name": "Livingston",
		"state": "California"
	},
  {
		"name": "Lodi",
		"state": "California"
	},
  {
		"name": "Loma Linda",
		"state": "California"
	},
  {
		"name": "Lomita",
		"state": "California"
	},
  {
		"name": "Lompoc",
		"state": "California"
	},
  {
		"name": "Long Beach",
		"state": "California"
	},
  {
		"name": "Loomis",
		"state": "California"
	},
  {
		"name": "Los Alamitos",
		"state": "California"
	},
  {
		"name": "Los Altos",
		"state": "California"
	},
  {
		"name": "Los Altos Hills",
		"state": "California"
	},
  {
		"name": "Los Angeles",
		"state": "California"
	},
  {
		"name": "Los Banoa",
		"state": "California"
	},
  {
		"name": "Los Gatos",
		"state": "California"
	},
  {
		"name": "Loyalton",
		"state": "California"
	},
  {
		"name": "Lynwood",
		"state": "California"
	},
  {
		"name": "Madera",
		"state": "California"
	},
  {
		"name": "Malibu",
		"state": "California"
	},
  {
		"name": "Mammoth Lakes",
		"state": "California"
	},
  {
		"name": "Manhattan Beach",
		"state": "California"
	},
  {
		"name": "Manteca",
		"state": "California"
	},
  {
		"name": "Maricopa",
		"state": "California"
	},
  {
		"name": "Marina",
		"state": "California"
	},
  {
		"name": "Martinez",
		"state": "California"
	},
  {
		"name": "Maryville",
		"state": "California"
	},
  {
		"name": "Maywood",
		"state": "California"
	},
  {
		"name": "McFarland",
		"state": "California"
	},
  {
		"name": "Mendota",
		"state": "California"
	},
  {
		"name": "Menifee",
		"state": "California"
	},
  {
		"name": "Menlo Park",
		"state": "California"
	},
  {
		"name": "Merced",
		"state": "California"
	},
  {
		"name": "Mill Valley",
		"state": "California"
	},
  {
		"name": "Millbrea",
		"state": "California"
	},
  {
		"name": "Milpitas",
		"state": "California"
	},
  {
		"name": "Mission Viejo",
		"state": "California"
	},
  {
		"name": "Modesto",
		"state": "California"
	},
  {
		"name": "Monrovia",
		"state": "California"
	},
  {
		"name": "Montague",
		"state": "California"
	},
  {
		"name": "Montclair",
		"state": "California"
	},
  {
		"name": "Monte Sereno",
		"state": "California"
	},
  {
		"name": "Montebello",
		"state": "California"
	},
  {
		"name": "Monterey",
		"state": "California"
	},
  {
		"name": "Monterey Park",
		"state": "California"
	},
  {
		"name": "Moorpark",
		"state": "California"
	},
  {
		"name": "Moraga",
		"state": "California"
	},
  {
		"name": "Moreno Valley",
		"state": "California"
	},
  {
		"name": "Morgan Hill",
		"state": "California"
	},
  {
		"name": "Morro Bay",
		"state": "California"
	},
  {
		"name": "Mount Shasta",
		"state": "California"
	},
  {
		"name": "Mountain View",
		"state": "California"
	},
  {
		"name": "Murrieta",
		"state": "California"
	},
  {
		"name": "Napa",
		"state": "California"
	},
  {
		"name": "National City",
		"state": "California"
	},
  {
		"name": "Needles",
		"state": "California"
	},
  {
		"name": "Nevada City",
		"state": "California"
	},
  {
		"name": "Newark",
		"state": "California"
	},
  {
		"name": "Newman",
		"state": "California"
	},
  {
		"name": "Newport Beach",
		"state": "California"
	},
  {
		"name": "Norco",
		"state": "California"
	},
  {
		"name": "Norwalk",
		"state": "California"
	},
  {
		"name": "Novato",
		"state": "California"
	},
  {
		"name": "Oakdale",
		"state": "California"
	},
  {
		"name": "Oakland",
		"state": "California"
	},
  {
		"name": "Oakley",
		"state": "California"
	},
  {
		"name": "Oceanside",
		"state": "California"
	},
  {
		"name": "Ojai",
		"state": "California"
	},
  {
		"name": "Ontario",
		"state": "California"
	},
  {
		"name": "Orange",
		"state": "California"
	},
  {
		"name": "Orange Cove",
		"state": "California"
	},
  {
		"name": "Orinda",
		"state": "California"
	},
  {
		"name": "Orange",
		"state": "California"
	},
  {
		"name": "Orange Code",
		"state": "California"
	},
  {
		"name": "Orinda",
		"state": "California"
	},
  {
		"name": "Orland",
		"state": "California"
	},
  {
		"name": "Oroville",
		"state": "California"
	},
  {
		"name": "Oxnard",
		"state": "California"
	},
  {
		"name": "Pacific Grove",
		"state": "California"
	},
  {
		"name": "Pacifica",
		"state": "California"
	},
  {
		"name": "Palm Desert",
		"state": "California"
	},
  {
		"name": "Palm Springs",
		"state": "California"
	},
  {
		"name": "Palmdale",
		"state": "California"
	},
  {
		"name": "Palo Alto",
		"state": "California"
	},
  {
		"name": "Palos Verdes Estates",
		"state": "California"
	},
  {
		"name": "Paradise",
		"state": "California"
	},
  {
		"name": "Paramount",
		"state": "California"
	},
  {
		"name": "Parlier",
		"state": "California"
	},
  {
		"name": "Pasadena",
		"state": "California"
	},
  {
		"name": "Paso Robles",
		"state": "California"
	},
  {
		"name": "Patterson",
		"state": "California"
	},
  {
		"name": "Perris",
		"state": "California"
	},
  {
		"name": "Petaluma",
		"state": "California"
	},
  {
		"name": "Pico Rivera",
		"state": "California"
	},
  {
		"name": "Piedmont",
		"state": "California"
	},
  {
		"name": "Pinole",
		"state": "California"
	},
  {
		"name": "Pismo Beach",
		"state": "California"
	},
  {
		"name": "Pittsburg",
		"state": "California"
	},
  {
		"name": "Placentia",
		"state": "California"
	},
  {
		"name": "Placerville",
		"state": "California"
	},
  {
		"name": "Pleasant Hill",
		"state": "California"
	},
  {
		"name": "Pleasntton",
		"state": "California"
	},
  {
		"name": "Plymouth",
		"state": "California"
	},
  {
		"name": "Point Arena",
		"state": "California"
	},
  {
		"name": "Pomona",
		"state": "California"
	},
  {
		"name": "Port Hueneme",
		"state": "California"
	},
  {
		"name": "Porterville",
		"state": "California"
	},
  {
		"name": "Portola",
		"state": "California"
	},
  {
		"name": "Portola Valley",
		"state": "California"
	},
  {
		"name": "Poway",
		"state": "California"
	},
  {
		"name": "Rancho Cordova",
		"state": "California"
	},
  {
		"name": "Rancho Cucamonga",
		"state": "California"
	},
  {
		"name": "Rancho Mirage",
		"state": "California"
	},
  {
		"name": "Rancho Palos Verdes",
		"state": "California"
	},
  {
		"name": "Rancho Santa Margarita",
		"state": "California"
	},
  {
		"name": "Red Buff",
		"state": "California"
	},
  {
		"name": "Redding",
		"state": "California"
	},
  {
		"name": "Redlands",
		"state": "California"
	},
  {
		"name": "Redondo Beach",
		"state": "California"
	},
  {
		"name": "Redwood City",
		"state": "California"
	},
  {
		"name": "Reedley",
		"state": "California"
	},
  {
		"name": "Rialto",
		"state": "California"
	},
  {
		"name": "Richmond",
		"state": "California"
	},
  {
		"name": "Ridgecrest",
		"state": "California"
	},
  {
		"name": "Rio Dell",
		"state": "California"
	},
  {
		"name": "Rio Vista",
		"state": "California"
	},
  {
		"name": "Ripon",
		"state": "California"
	},
  {
		"name": "Riverbank",
		"state": "California"
	},
  {
		"name": "Riverside",
		"state": "California"
	},
  {
		"name": "Rocklin",
		"state": "California"
	},
  {
		"name": "Rohnert Park",
		"state": "California"
	},
  {
		"name": "Rolling Hills",
		"state": "California"
	},
  {
		"name": "Rolling Hills Estates",
		"state": "California"
	},
  {
		"name": "Rosemead",
		"state": "California"
	},
  {
		"name": "Roseville",
		"state": "California"
	},
  {
		"name": "Ross",
		"state": "California"
	},
  {
		"name": "Sacromento",
		"state": "California"
	},
  {
		"name": "St. Helena",
		"state": "California"
	},
  {
		"name": "Salinas",
		"state": "California"
	},
  {
		"name": "San Anselmo",
		"state": "California"
	},
  {
		"name": "San Bernardino",
		"state": "California"
	},
  {
		"name": "San Bruno",
		"state": "California"
	},
  {
		"name": "San Carlos",
		"state": "California"
	},
  {
		"name": "San Clemente",
		"state": "California"
	},
  {
		"name": "San Diego",
		"state": "California"
	},
  {
		"name": "San Dimas",
		"state": "California"
	},
  {
		"name": "San Fernando",
		"state": "California"
	},
  {
		"name": "San Francisco",
		"state": "California"
	},
  {
		"name": "San Gabriel",
		"state": "California"
	},
  {
		"name": "San Jacinto",
		"state": "California"
	},
  {
		"name": "San Joaquin",
		"state": "California"
	},
  {
		"name": "San Jose",
		"state": "California"
	},
  {
		"name": "San Juan Bautista",
		"state": "California"
	},
  {
		"name": "San Juan Capistrano",
		"state": "California"
	},
  {
		"name": "San Leandro",
		"state": "California"
	},
  {
		"name": "San Luis Obispo",
		"state": "California"
	},
  {
		"name": "San Marcos",
		"state": "California"
	},
  {
		"name": "San Marino",
		"state": "California"
	},
  {
		"name": "San Mateo",
		"state": "California"
	},
  {
		"name": "San Pablo",
		"state": "California"
	},
  {
		"name": "San Rafael",
		"state": "California"
	},
  {
		"name": "San Ramon",
		"state": "California"
	},
  {
		"name": "Sand City",
		"state": "California"
	},
  {
		"name": "Sanger",
		"state": "California"
	},
  {
		"name": "Santa Ana",
		"state": "California"
	},
  {
		"name": "Santa Barbara",
		"state": "California"
	},
  {
		"name": "Santa Cruz",
		"state": "California"
	},
  {
		"name": "Santa Fe Springs",
		"state": "California"
	},
  {
		"name": "Santa Maria",
		"state": "California"
	},
  {
		"name": "Santa Monica",
		"state": "California"
	},
  {
		"name": "Santa Paula",
		"state": "California"
	},
  {
		"name": "Santa Rosa",
		"state": "California"
	},
  {
		"name": "Santee",
		"state": "California"
	},
  {
		"name": "Saratoga",
		"state": "California"
	},
  {
		"name": "Sausalito",
		"state": "California"
	},
  {
		"name": "Scotts Valley",
		"state": "California"
	},
  {
		"name": "Seal Beach",
		"state": "California"
	},
  {
		"name": "Seaside",
		"state": "California"
	},
  {
		"name": "Sebastopol",
		"state": "California"
	},
  {
		"name": "Selma",
		"state": "California"
	},
  {
		"name": "Shafter",
		"state": "California"
	},
  {
		"name": "Shasta Lake",
		"state": "California"
	},
  {
		"name": "Sierra Madre",
		"state": "California"
	},
  {
		"name": "Signal Hill",
		"state": "California"
	},
  {
		"name": "Simi Valley",
		"state": "California"
	},
  {
		"name": "Solana Beach",
		"state": "California"
	},
  {
		"name": "Soledad",
		"state": "California"
	},
  {
		"name": "Solvang",
		"state": "California"
	},
  {
		"name": "Sonoma",
		"state": "California"
	},
  {
		"name": "Sonora",
		"state": "California"
	},
  {
		"name": "South El Monte",
		"state": "California"
	},
  {
		"name": "South Gate",
		"state": "California"
	},
  {
		"name": "South Lake Tahoe",
		"state": "California"
	},
  {
		"name": "South Pasadena",
		"state": "California"
	},
  {
		"name": "South San Francisco",
		"state": "California"
	},
  {
		"name": "Stanton",
		"state": "California"
	},
  {
		"name": "Stockton",
		"state": "California"
	},
  {
		"name": "Suisun City",
		"state": "California"
	},
  {
		"name": "Sunnyville",
		"state": "California"
	},
  {
		"name": "Susanville",
		"state": "California"
	},
  {
		"name": "Sutter Creek",
		"state": "California"
	},
  {
		"name": "Taft",
		"state": "California"
	},
  {
		"name": "Tehachapi",
		"state": "California"
	},
  {
		"name": "Tehama",
		"state": "California"
	},
  {
		"name": "Temecula",
		"state": "California"
	},
  {
		"name": "Temple City",
		"state": "California"
	},
  {
		"name": "Thousand Oaks",
		"state": "California"
	},
  {
		"name": "Tiburon",
		"state": "California"
	},
  {
		"name": "Torrance",
		"state": "California"
	},
  {
		"name": "Tracy",
		"state": "California"
	},
  {
		"name": "Trinidad",
		"state": "California"
	},
  {
		"name": "Truckee",
		"state": "California"
	},
  {
		"name": "Tulare",
		"state": "California"
	},
  {
		"name": "Tulelake",
		"state": "California"
	},
  {
		"name": "Turlock",
		"state": "California"
	},
  {
		"name": "Tustin",
		"state": "California"
	},
  {
		"name": "Twentynine Palms",
		"state": "California"
	},
  {
		"name": "Ukiah",
		"state": "California"
	},
  {
		"name": "Union City",
		"state": "California"
	},
  {
		"name": "Upland",
		"state": "California"
	},
  {
		"name": "Vacaville",
		"state": "California"
	},
  {
		"name": "Vallejo",
		"state": "California"
	},
  {
		"name": "Ventura",
		"state": "California"
	},
  {
		"name": "Vernon",
		"state": "California"
	},
  {
		"name": "Victorville",
		"state": "California"
	},
  {
		"name": "Villa Park",
		"state": "California"
	},
  {
		"name": "Visalia",
		"state": "California"
	},
  {
		"name": "Vista",
		"state": "California"
	},
  {
		"name": "Walnut",
		"state": "California"
	},
  {
		"name": "Walnut Creek",
		"state": "California"
	},
  {
		"name": "Wasco",
		"state": "California"
	},
  {
		"name": "Waterford",
		"state": "California"
	},
  {
		"name": "Watsonville",
		"state": "California"
	},
  {
		"name": "Weed",
		"state": "California"
	},
  {
		"name": "West Covina",
		"state": "California"
	},
  {
		"name": "West Hollywood",
		"state": "California"
	},
  {
		"name": "West Sacromento",
		"state": "California"
	},
  {
		"name": "Westlake Village",
		"state": "California"
	},
  {
		"name": "Westminster",
		"state": "California"
	},
  {
		"name": "Westmorland",
		"state": "California"
	},
  {
		"name": "Wheatland",
		"state": "California"
	},
  {
		"name": "Whittier",
		"state": "California"
	},
  {
		"name": "Wildomar",
		"state": "California"
	},
  {
		"name": "Williams",
		"state": "California"
	},
  {
		"name": "Willits",
		"state": "California"
	},
  {
		"name": "Willows",
		"state": "California"
	},
  {
		"name": "Windsor",
		"state": "California"
	},
  {
		"name": "Winters",
		"state": "California"
	},
  {
		"name": "Woodlake",
		"state": "California"
	},
  {
		"name": "Woodland",
		"state": "California"
	},
  {
		"name": "Woodside",
		"state": "California"
	},
  {
		"name": "Yorba Linda",
		"state": "California"
	},
  {
		"name": "Yountville",
		"state": "California"
	},
  {
		"name": "Yreka",
		"state": "California"
	},
  {
		"name": "Yuba City",
		"state": "California"
	},
  {
		"name": "Yucaipa",
		"state": "California"
	},
  {
		"name": "Yucca Valley",
		"state": "California"
	}
]
